product_name,store_name,product_brand,price,source
Bacon 375g,Walmart,Great Value,3.97,flyer
Bacon 375g,Food Basics,Selection,3.99,flyer
Bacon 375g,No Frills,No Name,2.50,flyer
Broccoli Crowns,No Frills,,1.44,flyer
Broccoli Crowns,Food Basics,,2.50,flyer
Cauliflower,Food Basics,,1.25,flyer
Cauliflower,No Frills,,3.99,flyer
Avocados 5-pack,Walmart,,3.98,flyer
Avocados 5-pack,No Frills,,3.99,flyer
McIntosh Apples (bag),Walmart,Your Fresh Market,3.98,flyer
McIntosh Apples (bag),Food Basics,,2.98,flyer
McIntosh Apples (bag),No Frills,Farmer's Market,4.99,flyer
Seedless Grapes,Walmart,,3.44,flyer
Seedless Grapes,No Frills,,1.49,flyer
White Bread,Walmart,Dempster's,2.68,flyer
White Bread,No Frills,No Name,2.48,flyer
White Bread,Food Basics,Villaggio,2.99,flyer
Salted Butter 454g,No Frills,Lactantia,4.99,flyer
Salted Butter 454g,Walmart,Gay Lea,4.97,flyer
Shredded or Block Cheese ~400g,Walmart,Armstrong,4.98,flyer
Shredded or Block Cheese ~400g,No Frills,Armstrong/PC,4.99,flyer
Shredded or Block Cheese ~400g,Food Basics,Selection,4.88,flyer
Greek Yogurt 650-750g,Walmart,Oikos,6.46,flyer
Greek Yogurt 650-750g,Food Basics,Liberté,6.99,flyer
Laundry Detergent 4.25L,Walmart,Gain,13.97,flyer
Laundry Detergent 4.25L,No Frills,Gain,12.99,flyer
Laundry Detergent 4.25L,Food Basics,Tide/Gain,13.99,flyer
Bathroom Tissue Multi-pack,Walmart,Cashmere,10.97,flyer
Bathroom Tissue Multi-pack,Food Basics,Cashmere,10.98,flyer
Bathroom Tissue Multi-pack,No Frills,Royale,5.99,flyer
Pasta Sauce,Food Basics,Classico,3.49,flyer
Pasta Sauce,No Frills,Classico,2.97,flyer
Frozen Thin Crust Pizza,Walmart,Dr. Oetker,3.98,flyer
Frozen Thin Crust Pizza,No Frills,No Name,3.50,flyer
Boneless Skinless Chicken Breasts,Walmart,Maple Leaf Prime,6.34,flyer
Boneless Skinless Chicken Breasts,No Frills,,5.99,flyer
Cream Cheese 227-250g,Walmart,Philadelphia,3.97,flyer
Cream Cheese 227-250g,No Frills,No Name,3.00,flyer
Family Size Cereal,Food Basics,Kellogg's,5.48,flyer
Family Size Cereal,No Frills,PC,5.50,flyer
Strawberries 1lb,Food Basics,,4.99,flyer
Strawberries 1lb,No Frills,,4.99,flyer
Carrots 3lb Bag,Walmart,Your Fresh Market,2.44,flyer
Carrots 3lb Bag,No Frills,Farmer's Market,2.99,flyer
Yellow Onions 3lb Bag,Walmart,Your Fresh Market,2.44,flyer
Yellow Onions 3lb Bag,No Frills,Farmer's Market,2.99,flyer
Olive Oil 750mL-1L,Walmart,Terra Delyssa,11.97,flyer
Olive Oil 750mL-1L,No Frills,Gallo,7.99,flyer
Whole Chicken,No Frills,,2.99,flyer
Lean Ground Beef,Food Basics,,7.79,flyer
Lean Ground Beef,No Frills,,8.88,flyer
Canned Tomatoes 796mL,No Frills,Unico,1.50,flyer
Canned Soup,No Frills,Campbell's,0.95,flyer
Canned Soup,Food Basics,Campbell's,1.25,flyer
Peanut Butter,Food Basics,Kraft,5.99,flyer
Spring Water 24-pack 500mL,Walmart,Great Value,2.98,flyer
Potato Chips,Walmart,Frito-Lay,5.47,flyer
Potato Chips,Food Basics,Doritos/Miss Vickie's,3.50,flyer
Chocolate Bar,Walmart,Cadbury,2.62,flyer
Dish Soap,Walmart,Dawn,2.46,flyer
Dish Soap,FreshCo,Dawn,2.49,flyer
Cauliflower,FreshCo,,2.99,flyer
Avocados 5-pack,FreshCo,Compliments,4.99,flyer
Carrots 3lb Bag,FreshCo,Compliments,2.99,flyer
Yellow Onions 3lb Bag,FreshCo,Compliments,2.99,flyer
Bathroom Tissue Multi-pack,FreshCo,Purex,12.99,flyer
Laundry Detergent 4.25L,FreshCo,Purex/Sunlight,13.99,flyer
Cream Cheese 227-250g,FreshCo,Philadelphia,3.99,flyer
Greek Yogurt 650-750g,FreshCo,Danone Oikos,6.99,flyer
Canned Soup,FreshCo,Campbell's Chunky,2.99,flyer
Potato Chips,FreshCo,Old Dutch/Lay's,2.99,flyer
Chocolate Bar,FreshCo,Nestlé,1.00,flyer
Peanut Butter,FreshCo,Jif,5.99,flyer
White Bread,FreshCo,Dempster's,3.49,flyer
Soft Drinks 12-pack (Cola),Food Basics,Coca-Cola/Pepsi,7.48,flyer
Soft Drinks 12-pack (Cola),FreshCo,Coca-Cola/Pepsi,7.99,flyer
Coffee K-Cups/Capsules,Food Basics,Timothy's,14.99,flyer
Coffee K-Cups/Capsules,FreshCo,Timothy's,14.99,flyer
Ground Beef 454g,FreshCo,,8.49,flyer
Sweet Potatoes,Walmart,,0.94,flyer
Sweet Potatoes,No Frills,,1.49,flyer
Gala Apples,No Frills,Royal Gala,0.77,flyer
Gala Apples,FreshCo,,0.99,flyer
Evaporated Milk 354mL,Walmart,Carnation,1.74,flyer
Evaporated Milk 354mL,FreshCo,Carnation,1.69,flyer
Family Size Crackers,No Frills,Christie,2.00,flyer
Family Size Crackers,FreshCo,Christie,3.99,flyer
Bagels,Food Basics,,1.49,flyer
Cat Food 8kg,Food Basics,Purina Cat Chow,16.99,flyer
Jasmine Rice 8kg,No Frills,,12.88,flyer
Lamb Leg,FreshCo,Thomas Farms,6.99,flyer
Chicken Drumsticks,FreshCo,Compliments,2.49,flyer
Pork Half Loin,No Frills,,1.99,flyer